{
  "folds": 6,
  "horizon_days": 14,
  "mape_mean": 8.990608797063935,
  "mae_mean": 103.68660378982509
}