fold,start,end,MAE,MAPE
1,180,193,120.87442840572399,10.168268838675784
2,360,373,220.7084087625371,19.055748067403492
3,540,553,65.51956176897893,5.665917256089136
4,720,733,93.2909605071065,8.320791627544375
5,900,913,70.4587086228888,6.043265404490143
6,1080,1093,51.26755467171521,4.689661588180679
